customer_id,customer_name,state,city,pin_code,bank_name,salary,previous_loan_history,previous_loan_completion,current_loan_requirement,client_property_type,client_property_location,property_value_as_per_customer
CUST0001,Amani Choudhary,Tamil Nadu,Chennai,49077,Bank of Baroda,167897,Yes,No,2719137,Villa,Latur,13104855
CUST0002,Umang Kapoor,Telangana,Hyderabad,339818,Kotak Mahindra,117087,Yes,Yes,3979313,Apartment,Saharsa,7675156
CUST0003,Zara Sami,Tamil Nadu,Madurai,617409,Bank of Baroda,76056,Yes,Yes,2934078,Villa,Tadipatri,10939951
CUST0004,Lagan Saran,Karnataka,Mangalore,293122,HDFC,116083,No,Yes,1246144,Plot,Agra,17745927
CUST0005,Shlok Balay,Delhi,New Delhi,983228,HDFC,103987,Yes,No,3171649,Villa,Kolhapur,19884827
CUST0006,Zara Sachar,West Bengal,Kolkata,564071,Kotak Mahindra,95591,No,No,2320762,Plot,Pune,18116215
CUST0007,Hazel Bassi,Telangana,Hyderabad,592829,ICICI,27117,No,No,4762453,Plot,Pondicherry,11047723
CUST0008,Lakshay Goswami,Karnataka,Mysuru,118700,ICICI,123271,Yes,No,3061260,Villa,Moradabad,5439218
CUST0009,Tejas Som,Telangana,Hyderabad,848442,SBI,57665,No,No,4761703,Villa,Kakinada,1652668
CUST0010,Lavanya Tara,Telangana,Hyderabad,179992,SBI,141137,No,No,3354151,Apartment,Bathinda,11928829
CUST0011,Neelofar Ahluwalia,Delhi,New Delhi,825171,Bank of Baroda,46460,Yes,Yes,2588779,Plot,Avadi,3320665
CUST0012,Hansh Ray,Delhi,New Delhi,545375,Bank of Baroda,174924,Yes,No,4520028,Apartment,Tiruvottiyur,4865193
CUST0013,Renee Basu,Tamil Nadu,Madurai,863113,ICICI,40292,Yes,No,2875583,Villa,Guna,19950949
CUST0014,Gokul Dugar,West Bengal,Siliguri,128673,SBI,141557,No,No,3377567,Plot,Dhanbad,12497293
CUST0015,Madhup Vora,Telangana,Hyderabad,2198,ICICI,72202,Yes,Yes,2370789,Villa,Vellore,8123275
CUST0016,Anvi Krish,Telangana,Warangal,487855,HDFC,115938,No,No,4893358,Apartment,Dharmavaram,17886725
CUST0017,Rhea Shanker,Tamil Nadu,Coimbatore,888989,SBI,79908,No,Yes,4921598,Apartment,Alwar,14227360
CUST0018,Vedika Vohra,Kerala,Kozhikode,546470,SBI,141529,No,No,3670009,Apartment,Karnal,1834419
CUST0019,Aniruddh Garde,West Bengal,Siliguri,990801,ICICI,80356,No,Yes,2778373,Apartment,Indore,7649200
CUST0020,Ivana Raval,Kerala,Thiruvananthapuram,304580,ICICI,25106,No,No,3987566,Villa,Fatehpur,3380285
CUST0021,Drishya Swaminathan,West Bengal,Kolkata,997695,ICICI,174423,No,Yes,2102698,Plot,Loni,6419356
CUST0022,Himmat Singh,Karnataka,Mangalore,876521,Kotak Mahindra,78209,Yes,Yes,2939561,Apartment,Panchkula,2293681
CUST0023,Bhavin Biswas,West Bengal,Siliguri,366613,ICICI,185331,No,No,545161,Apartment,Ahmednagar,19403224
CUST0024,Mamooty Sen,Delhi,New Delhi,451871,Axis Bank,40836,Yes,Yes,3444567,Apartment,Giridih,11057559
CUST0025,Madhav Acharya,Telangana,Hyderabad,986907,ICICI,70911,Yes,No,1769313,Villa,Udaipur,19659743
CUST0026,Saanvi Chahal,Telangana,Warangal,620291,HDFC,133270,No,Yes,3868323,Villa,Durgapur,4284833
CUST0027,Nehmat Chanda,Telangana,Warangal,890315,ICICI,72575,No,Yes,911721,Plot,Kota,17375714
CUST0028,Prerak Sama,Tamil Nadu,Coimbatore,6220,Bank of Baroda,159700,No,No,896386,Plot,Shivpuri,17114486
CUST0029,Kiaan Wali,West Bengal,Siliguri,303031,Bank of Baroda,155836,Yes,No,3811040,Villa,Satna,12986472
CUST0030,Darshit Samra,Delhi,New Delhi,950698,Bank of Baroda,127509,Yes,Yes,1014923,Apartment,Uluberia,2395687
CUST0031,Miraan Tara,Karnataka,Bengaluru,492549,HDFC,149198,Yes,Yes,3524033,Plot,Hindupur,13146255
CUST0032,Reyansh Bobal,Karnataka,Mangalore,314996,ICICI,101238,Yes,Yes,1571028,Villa,Thoothukudi,10961250
CUST0033,Raghav Kota,West Bengal,Siliguri,367830,Kotak Mahindra,145841,Yes,Yes,4169653,Plot,Kavali,19615280
CUST0034,Anay Saini,Delhi,New Delhi,296211,ICICI,83052,No,No,3770599,Apartment,Raurkela Industrial Township,2726116
CUST0035,Divit Chaudry,Delhi,New Delhi,533523,HDFC,189858,Yes,No,2272784,Plot,Bhubaneswar,6322274
CUST0036,Gokul Dewan,Karnataka,Mangalore,287102,ICICI,50713,Yes,Yes,3147962,Apartment,Gandhidham,5307976
CUST0037,Dhruv Chander,Tamil Nadu,Madurai,727263,Axis Bank,130016,No,Yes,4229731,Apartment,Bhiwandi,12494144
CUST0038,Ira Venkataraman,Maharashtra,Mumbai,997663,HDFC,168998,Yes,Yes,1640598,Villa,Tirunelveli,19225431
CUST0039,Diya Ranganathan,West Bengal,Siliguri,500278,HDFC,115924,Yes,Yes,4102239,Villa,Kavali,14005415
CUST0040,Veer Wason,Maharashtra,Nagpur,571849,Axis Bank,110745,No,Yes,963295,Plot,Rajahmundry,5278284
CUST0041,Divit Chokshi,West Bengal,Kolkata,773151,HDFC,88343,No,No,1439050,Plot,Raiganj,9489175
CUST0042,Navya Balasubramanian,Kerala,Thiruvananthapuram,172700,Axis Bank,179295,Yes,Yes,3486566,Plot,Sirsa,12677059
CUST0043,Lakshay Varughese,Maharashtra,Mumbai,202223,Axis Bank,96514,No,Yes,4726096,Apartment,Siliguri,14849989
CUST0044,Akarsh Aggarwal,Maharashtra,Nagpur,56720,SBI,37054,No,Yes,1759607,Villa,Cuttack,7448108
CUST0045,Aayush Master,Maharashtra,Pune,288151,Kotak Mahindra,186700,No,Yes,2845039,Villa,Rourkela,7074635
CUST0046,Onkar Dutt,Karnataka,Bengaluru,120063,ICICI,81243,No,No,2346407,Villa,Kottayam,12666716
CUST0047,Saksham Anand,Maharashtra,Mumbai,10422,ICICI,53600,Yes,No,2245915,Plot,Nadiad,8041528
CUST0048,Advik Sood,West Bengal,Kolkata,256601,Kotak Mahindra,97126,Yes,No,1560604,Villa,Anantapur,10386747
CUST0049,Drishya Baria,Maharashtra,Nagpur,602232,HDFC,110020,Yes,No,3208936,Villa,Ambarnath,14259015
CUST0050,Inaaya  Hans,Karnataka,Bengaluru,111469,HDFC,150370,No,No,3860799,Plot,Maheshtala,4267829
CUST0051,Yashvi Sathe,Kerala,Kochi,751060,SBI,168853,No,Yes,559376,Plot,Bathinda,9363279
CUST0052,Anika Mane,Karnataka,Mangalore,152114,Axis Bank,105442,Yes,No,2366658,Plot,Purnia,15948142
CUST0053,Ritvik Batra,Kerala,Thiruvananthapuram,820911,Kotak Mahindra,87139,Yes,Yes,1117381,Plot,Kochi,14839650
CUST0054,Lagan Bala,Delhi,New Delhi,32236,HDFC,195186,No,Yes,3741550,Villa,Vellore,14427420
CUST0055,Adira Din,Delhi,New Delhi,778725,Bank of Baroda,38624,No,Yes,764787,Villa,Aurangabad,3155688
CUST0056,Yuvaan Sharaf,Maharashtra,Nagpur,388354,HDFC,170818,No,No,4267134,Apartment,Fatehpur,4854664
CUST0057,Ishaan Rastogi,Kerala,Kochi,329685,ICICI,130814,Yes,No,2980971,Plot,Thiruvananthapuram,1382058
CUST0058,Diya Tata,Maharashtra,Pune,588344,Axis Bank,83237,No,Yes,4619108,Apartment,Siwan,1121968
CUST0059,Pihu Khosla,Delhi,New Delhi,894959,ICICI,144089,Yes,Yes,3545071,Villa,Panihati,12655506
CUST0060,Elakshi Sura,Tamil Nadu,Coimbatore,382050,SBI,167868,No,No,4185644,Apartment,Bhavnagar,18182350
CUST0061,Mishti Buch,Tamil Nadu,Madurai,90270,HDFC,123168,No,Yes,4477816,Apartment,Nashik,11195568
CUST0062,Heer Ramesh,Tamil Nadu,Coimbatore,351516,Bank of Baroda,146008,Yes,No,3782775,Plot,Chittoor,4958288
CUST0063,Indrans Kanda,Karnataka,Bengaluru,780361,Kotak Mahindra,191206,No,Yes,4505657,Apartment,Unnao,18874086
CUST0064,Samaira Kale,West Bengal,Kolkata,601748,ICICI,34417,Yes,No,1257437,Plot,Pali,13123032
CUST0065,Adah Bajaj,Tamil Nadu,Madurai,719784,Kotak Mahindra,194734,Yes,Yes,4473461,Plot,Sambhal,18578527
CUST0066,Divyansh Tank,West Bengal,Siliguri,979829,Kotak Mahindra,31922,Yes,No,4642848,Villa,Satna,1041861
CUST0067,Kiara Sodhi,Maharashtra,Mumbai,552440,HDFC,99338,No,No,3463838,Plot,Saharsa,18246571
CUST0068,Yuvaan Cheema,Tamil Nadu,Madurai,406755,HDFC,60777,Yes,Yes,2133378,Plot,Bhagalpur,18458446
CUST0069,Rati Ravel,Delhi,New Delhi,778325,Axis Bank,106753,Yes,Yes,1052193,Apartment,Yamunanagar,1681974
CUST0070,Aayush Bedi,Maharashtra,Mumbai,732219,Kotak Mahindra,32050,No,Yes,2854137,Plot,Sambhal,4721797
CUST0071,Anahi Madan,Tamil Nadu,Chennai,480736,SBI,41518,No,No,1837976,Plot,Ranchi,5131967
CUST0072,Raunak Guha,Tamil Nadu,Madurai,401909,Kotak Mahindra,51068,Yes,Yes,876200,Apartment,Ranchi,6305056
CUST0073,Vedika Salvi,Tamil Nadu,Coimbatore,36799,Axis Bank,53423,No,Yes,1165879,Plot,Bahraich,3218682
CUST0074,Siya Chopra,Karnataka,Mangalore,236357,HDFC,78482,No,No,1536047,Plot,Ballia,3499500
CUST0075,Nayantara Tailor,Tamil Nadu,Chennai,750946,Axis Bank,101105,Yes,Yes,4386445,Plot,Katihar,7983493
CUST0076,Mannat Tara,Telangana,Warangal,697381,HDFC,101161,No,Yes,2463122,Plot,Unnao,10345295
CUST0077,Diya Tailor,Kerala,Kochi,17939,Kotak Mahindra,144239,No,Yes,2027923,Plot,Alappuzha,16086949
CUST0078,Badal Lad,Maharashtra,Pune,566153,Kotak Mahindra,93353,Yes,Yes,2172339,Apartment,Patna,9897136
CUST0079,Rati Gour,Telangana,Warangal,429141,Kotak Mahindra,158009,Yes,No,2697583,Villa,Cuttack,8286425
CUST0080,Anay Ranganathan,Karnataka,Mysuru,436922,HDFC,129767,No,No,3977331,Villa,Munger,2565321
CUST0081,Ishaan Sampath,Kerala,Thiruvananthapuram,153490,Bank of Baroda,171224,No,Yes,4650751,Apartment,Dehradun,9595869
CUST0082,Ritvik Bera,Karnataka,Mysuru,399621,ICICI,120591,Yes,No,2707771,Plot,Ozhukarai,13334791
CUST0083,Devansh Malhotra,Tamil Nadu,Madurai,373812,Bank of Baroda,158049,Yes,No,647932,Apartment,Dindigul,2535283
CUST0084,Chirag Kaur,Telangana,Warangal,450816,HDFC,143795,Yes,Yes,1702358,Plot,Anantapuram,6433188
CUST0085,Jivika Kari,Telangana,Hyderabad,803713,Axis Bank,169677,Yes,No,2093520,Villa,Loni,1967496
CUST0086,Anahi Bhardwaj,Karnataka,Mysuru,178490,Bank of Baroda,25094,No,No,3580093,Villa,Hospet,13066291
CUST0087,Damini Sibal,Delhi,New Delhi,52870,HDFC,142299,Yes,Yes,1833794,Villa,Chennai,8891847
CUST0088,Diya Kala,Delhi,New Delhi,188209,Axis Bank,52709,No,Yes,4341224,Villa,Madurai,12116096
CUST0089,Shanaya Sood,Karnataka,Mysuru,223594,Kotak Mahindra,185117,No,Yes,2617140,Plot,Ujjain,11048048
CUST0090,Ira Sastry,Telangana,Warangal,439162,Bank of Baroda,60814,No,No,877545,Plot,Sasaram,1452904
CUST0091,Shanaya Dass,Delhi,New Delhi,605056,SBI,167447,Yes,No,2806208,Apartment,Kozhikode,10733723
CUST0092,Tiya Kashyap,Delhi,New Delhi,716468,Bank of Baroda,173524,No,Yes,534114,Villa,Alappuzha,6718612
CUST0093,Shaan Gade,Karnataka,Mysuru,69598,Kotak Mahindra,88725,Yes,No,529066,Plot,Mahbubnagar,5260972
CUST0094,Advik Tailor,West Bengal,Kolkata,294861,HDFC,120813,No,No,4134980,Apartment,Jalna,9416591
CUST0095,Abram Dhaliwal,Tamil Nadu,Coimbatore,623624,ICICI,84991,Yes,No,4871896,Apartment,Nagercoil,18400369
CUST0096,Elakshi Jhaveri,Tamil Nadu,Coimbatore,819288,Axis Bank,175282,Yes,Yes,4129971,Apartment,Agartala,13655431
CUST0097,Aarush Dash,Kerala,Kozhikode,828627,Kotak Mahindra,189848,Yes,Yes,3825609,Apartment,Pondicherry,12923606
CUST0098,Miraya Chadha,Maharashtra,Pune,129787,Axis Bank,159117,No,Yes,1437125,Plot,Shahjahanpur,2560585
CUST0099,Vritika Master,Kerala,Thiruvananthapuram,746234,ICICI,52275,No,Yes,3265787,Villa,Bongaigaon,5384376
CUST0100,Dhanuk Garde,Karnataka,Bengaluru,80523,HDFC,56866,Yes,Yes,1145889,Plot,Bhopal,17597608
CUST0101,Hridaan Tata,Delhi,New Delhi,840389,HDFC,192264,No,No,3993180,Apartment,Alappuzha,16469696
CUST0102,Darshit Dua,Kerala,Kozhikode,894573,SBI,36430,Yes,Yes,4179326,Apartment,Sambalpur,17151704
CUST0103,Riaan Krishna,Karnataka,Mangalore,882994,ICICI,186798,No,Yes,1940830,Plot,Solapur,8473252
CUST0104,Kiaan Wason,Delhi,New Delhi,507276,ICICI,109869,No,Yes,2373644,Villa,Jhansi,6399187
CUST0105,Aradhya Khalsa,Karnataka,Mysuru,263189,HDFC,58397,No,Yes,3311347,Villa,Mahbubnagar,14369231
CUST0106,Shray Mallick,Kerala,Kochi,44839,HDFC,49201,No,No,4914928,Apartment,Junagadh,19260116
CUST0107,Hunar Tandon,West Bengal,Kolkata,120721,HDFC,68333,No,No,4201127,Villa,Berhampore,10342566
CUST0108,Faiyaz Gupta,Karnataka,Mangalore,870627,ICICI,88373,Yes,Yes,2033805,Plot,Srikakulam,13168327
CUST0109,Zara D’Alia,Karnataka,Bengaluru,237074,HDFC,32319,No,Yes,4830881,Villa,Suryapet,6169903
CUST0110,Inaaya  Gulati,Tamil Nadu,Madurai,14336,SBI,141518,No,Yes,3787688,Apartment,Dindigul,6722841
CUST0111,Purab Savant,West Bengal,Kolkata,305139,Bank of Baroda,38743,No,No,3384318,Plot,Moradabad,19092836
CUST0112,Nehmat Saxena,Telangana,Hyderabad,387086,SBI,150979,No,Yes,4766818,Villa,Madhyamgram,8284108
CUST0113,Hunar Srinivasan,Tamil Nadu,Coimbatore,918211,Bank of Baroda,137056,Yes,Yes,1013062,Villa,Hubli–Dharwad,1251268
CUST0114,Anvi Warrior,Kerala,Kochi,193246,ICICI,118199,No,Yes,2674935,Apartment,Mirzapur,8199906
CUST0115,Jivika Sandal,Tamil Nadu,Chennai,350550,HDFC,130027,No,No,4906090,Apartment,Rajahmundry,5992473
CUST0116,Ishaan Bhavsar,Tamil Nadu,Coimbatore,994158,HDFC,51949,Yes,Yes,1754866,Apartment,Gangtok,7723425
CUST0117,Ryan Master,Telangana,Hyderabad,664462,Kotak Mahindra,183127,Yes,Yes,2775554,Villa,Malegaon,2681456
CUST0118,Aradhya Dhingra,Karnataka,Mysuru,93879,HDFC,118986,No,Yes,3605964,Plot,Bulandshahr,3526578
CUST0119,Vanya Karan,Maharashtra,Pune,800488,ICICI,179882,Yes,Yes,4460039,Villa,Ramgarh,2838500
CUST0120,Manikya Borra,Kerala,Kozhikode,728691,Axis Bank,79158,No,Yes,542159,Plot,Moradabad,5177683
CUST0121,Eva Thakkar,West Bengal,Siliguri,739312,ICICI,153065,No,Yes,3148339,Villa,Baranagar,13438816
CUST0122,Samar Swaminathan,Kerala,Thiruvananthapuram,448949,Bank of Baroda,162062,No,No,796480,Apartment,Bettiah,1928378
CUST0123,Uthkarsh Sandal,Kerala,Kozhikode,56642,Kotak Mahindra,74584,No,No,4844019,Plot,Ambattur,4541453
CUST0124,Divyansh Dada,Karnataka,Bengaluru,821834,ICICI,140266,No,Yes,1782052,Plot,Madhyamgram,14693316
CUST0125,Neelofar Ravel,Delhi,New Delhi,529207,Bank of Baroda,128427,Yes,No,4022683,Villa,Pallavaram,17005462
CUST0126,Neysa Tara,Karnataka,Mysuru,487920,Axis Bank,166681,No,Yes,1198534,Villa,Hospet,9215946
CUST0127,Jhanvi Ganesh,Karnataka,Mangalore,197491,ICICI,140721,No,No,3481936,Apartment,Raichur,12362938
CUST0128,Ritvik Ganesan,Kerala,Kochi,527437,Bank of Baroda,74675,Yes,No,4651088,Apartment,Anand,2837686
CUST0129,Kavya Ranganathan,Telangana,Warangal,879664,Kotak Mahindra,141204,Yes,No,2452963,Villa,Faridabad,11633905
CUST0130,Armaan Sem,Kerala,Kochi,703333,SBI,115552,No,Yes,4637975,Apartment,Panchkula,10634612
CUST0131,Pari Dyal,Maharashtra,Nagpur,859827,Axis Bank,136336,No,Yes,2107124,Villa,Purnia,13491329
CUST0132,Indranil Balakrishnan,Delhi,New Delhi,562342,ICICI,111859,Yes,No,4910234,Villa,Madurai,16333894
CUST0133,Anya De,Telangana,Hyderabad,997644,Bank of Baroda,110771,No,Yes,4591983,Apartment,Madurai,8075595
CUST0134,Zaina Divan,Maharashtra,Nagpur,471819,ICICI,47204,No,Yes,1346957,Plot,Mirzapur,2784424
CUST0135,Saira Sengupta,West Bengal,Siliguri,45158,HDFC,158383,No,No,2767670,Villa,North Dumdum,1143351
CUST0136,Onkar Sanghvi,Delhi,New Delhi,831565,Kotak Mahindra,85842,Yes,No,3809862,Apartment,Karawal Nagar,16113225
CUST0137,Hazel Barad,Delhi,New Delhi,626333,Kotak Mahindra,108183,No,No,4314778,Villa,Nashik,4310689
CUST0138,Yuvaan Zacharia,Karnataka,Bengaluru,800877,HDFC,195445,Yes,No,680362,Apartment,Bhopal,12683977
CUST0139,Tanya Lanka,Kerala,Thiruvananthapuram,253781,SBI,151732,No,Yes,2169503,Villa,Varanasi,9531867
CUST0140,Ishaan Khanna,Delhi,New Delhi,775169,Axis Bank,147204,Yes,Yes,2525342,Apartment,Sri Ganganagar,15771060
CUST0141,Hansh Sarma,Tamil Nadu,Madurai,677293,SBI,115336,Yes,Yes,2285349,Villa,Jamalpur,18826789
CUST0142,Myra Banerjee,West Bengal,Kolkata,872195,HDFC,161728,No,No,2862365,Apartment,Narasaraopet,1926930
CUST0143,Riaan Sheth,Karnataka,Mysuru,270420,SBI,170117,No,No,897895,Villa,Karaikudi,18776960
CUST0144,Armaan Halder,Kerala,Kochi,410841,Kotak Mahindra,42118,Yes,No,1702165,Villa,Vijayanagaram,10242349
CUST0145,Hiran Chopra,Delhi,New Delhi,690797,HDFC,65931,Yes,Yes,1482500,Plot,Secunderabad,18456475
CUST0146,Sana Kothari,Maharashtra,Pune,90697,Axis Bank,155484,No,Yes,3440035,Apartment,Gangtok,11008884
CUST0147,Tanya Goda,Telangana,Hyderabad,567185,Bank of Baroda,142630,Yes,Yes,690112,Villa,Pali,3271824
CUST0148,Ojas Bose,Delhi,New Delhi,667612,Axis Bank,75444,Yes,No,4684284,Apartment,Kozhikode,14147344
CUST0149,Aaryahi Kunda,Maharashtra,Nagpur,501483,HDFC,100613,No,Yes,2088599,Villa,Suryapet,1300873
CUST0150,Kaira Lall,Tamil Nadu,Coimbatore,792995,HDFC,51994,No,Yes,4576150,Plot,Khora ,6676447
CUST0151,Aarav Sharaf,West Bengal,Kolkata,488353,HDFC,62936,Yes,No,814065,Plot,Ambattur,1089473
CUST0152,Urvi Rege,Karnataka,Mysuru,276700,HDFC,77389,Yes,No,4827537,Plot,Ajmer,7295294
CUST0153,Saksham Madan,Kerala,Kozhikode,273915,ICICI,33883,No,Yes,2989333,Villa,Amaravati,7655869
CUST0154,Rhea Shetty,Karnataka,Bengaluru,944700,Axis Bank,196080,Yes,Yes,3151064,Villa,Vijayanagaram,12141182
CUST0155,Ivan Kashyap,Telangana,Warangal,351545,ICICI,87683,No,No,2524372,Apartment,Udaipur,8008678
CUST0156,Gatik Grewal,Karnataka,Mangalore,368965,Axis Bank,135080,Yes,Yes,1692481,Plot,Bhiwani,15313197
CUST0157,Miraya Bhattacharyya,Karnataka,Mangalore,564227,Bank of Baroda,132774,Yes,Yes,1536185,Plot,Amritsar,5358727
CUST0158,Vivaan Sood,Telangana,Warangal,977300,Kotak Mahindra,119940,No,No,2226160,Villa,Adoni,19086195
CUST0159,Vedika Bahl,West Bengal,Siliguri,852579,Bank of Baroda,143773,No,Yes,2174923,Villa,Jaunpur,11470411
CUST0160,Jivin Ratti,Delhi,New Delhi,331545,Axis Bank,162704,Yes,Yes,844064,Apartment,Begusarai,8078264
CUST0161,Vivaan Vasa,Tamil Nadu,Madurai,40535,ICICI,197581,No,No,3141541,Villa,Yamunanagar,7815080
CUST0162,Vihaan Sura,Maharashtra,Nagpur,253109,Kotak Mahindra,120264,No,Yes,538598,Villa,Katihar,7975297
CUST0163,Bhavin Shetty,Maharashtra,Pune,198267,HDFC,193265,Yes,No,1297200,Villa,Saharsa,15973284
CUST0164,Ritvik Ahuja,Karnataka,Mysuru,32692,Axis Bank,32488,No,Yes,2304077,Apartment,Mehsana,12870688
CUST0165,Siya Kaul,Kerala,Kochi,627833,ICICI,75172,Yes,Yes,3826249,Apartment,Sri Ganganagar,8948906
CUST0166,Sahil Amble,Maharashtra,Mumbai,405631,Axis Bank,35803,Yes,Yes,1656571,Plot,Secunderabad,13318867
CUST0167,Krish Bali,Kerala,Kochi,227302,Bank of Baroda,194479,Yes,Yes,3128311,Apartment,Serampore,17649858
CUST0168,Ranbir Venkatesh,Kerala,Kochi,672313,Axis Bank,109650,No,No,2757272,Plot,Nangloi Jat,14951663
CUST0169,Rasha Balasubramanian,Karnataka,Mangalore,335349,Kotak Mahindra,35453,Yes,No,2304740,Villa,South Dumdum,11137137
CUST0170,Gatik Vaidya,Karnataka,Mysuru,418545,Bank of Baroda,119538,Yes,No,3753182,Plot,Sambalpur,4004440
CUST0171,Devansh Savant,Maharashtra,Pune,672325,ICICI,109275,No,Yes,1391179,Plot,Chandrapur,10277626
CUST0172,Vivaan Tiwari,Delhi,New Delhi,686788,SBI,47521,Yes,Yes,2303116,Plot,Arrah,8557952
CUST0173,Ira Ramaswamy,Kerala,Kochi,480656,Bank of Baroda,62300,No,No,699577,Apartment,Akola,7126701
CUST0174,Emir Shroff,Kerala,Kozhikode,654333,HDFC,90668,Yes,Yes,3663096,Plot,Ranchi,2564535
CUST0175,Nitya Varty,Kerala,Kochi,996913,Bank of Baroda,27776,Yes,Yes,2961059,Apartment,Parbhani,19647939
CUST0176,Zain Chandra,Tamil Nadu,Madurai,2798,Axis Bank,170886,No,Yes,2425712,Plot,Morbi,12710696
CUST0177,Nirvi Master,Maharashtra,Pune,395417,ICICI,42341,No,No,3179830,Villa,Bahraich,19886552
CUST0178,Taimur Shenoy,West Bengal,Kolkata,814165,Kotak Mahindra,136757,No,Yes,1618126,Villa,Sultan Pur Majra,8960630
CUST0179,Yakshit Shenoy,Maharashtra,Pune,290798,HDFC,109868,No,No,3543588,Apartment,Thanjavur,16541133
CUST0180,Ojas Bala,Delhi,New Delhi,45274,Bank of Baroda,28074,Yes,Yes,3806216,Apartment,Kirari Suleman Nagar,2442401
CUST0181,Kismat Dhawan,Delhi,New Delhi,218915,HDFC,79890,Yes,Yes,2967599,Villa,Bidar,7542462
CUST0182,Faiyaz Varty,Karnataka,Mangalore,930088,SBI,25951,No,No,819485,Villa,Jammu,3305811
CUST0183,Parinaaz Apte,Kerala,Kozhikode,429702,Axis Bank,165630,No,Yes,4494786,Apartment,Amritsar,5169919
CUST0184,Aarna Kohli,Delhi,New Delhi,690853,HDFC,42233,No,No,4435112,Plot,Tiruvottiyur,10803883
CUST0185,Pranay Thakkar,West Bengal,Kolkata,774154,SBI,42312,Yes,Yes,625210,Villa,Pimpri-Chinchwad,16839149
CUST0186,Ranbir Mall,Tamil Nadu,Coimbatore,8516,Bank of Baroda,103237,Yes,No,4174048,Plot,Mangalore,2246500
CUST0187,Shalv Agrawal,Delhi,New Delhi,150827,SBI,91953,No,Yes,2498016,Plot,Bhopal,7628698
CUST0188,Rati Bala,Kerala,Thiruvananthapuram,303498,Kotak Mahindra,93121,No,No,4872063,Apartment,Raichur,15263603
CUST0189,Bhavin Sidhu,Kerala,Thiruvananthapuram,663125,ICICI,80071,Yes,Yes,837521,Plot,Barasat,8689689
CUST0190,Shanaya Dhar,Telangana,Warangal,989819,Bank of Baroda,61805,No,Yes,3306270,Apartment,Ambarnath,12648929
CUST0191,Adira Gopal,Telangana,Hyderabad,752151,Axis Bank,95753,No,Yes,1869320,Apartment,Raiganj,1692346
CUST0192,Oorja Korpal,Tamil Nadu,Madurai,276531,HDFC,40653,Yes,No,627614,Plot,Thanjavur,16047146
CUST0193,Mehul Bains,Kerala,Thiruvananthapuram,466654,ICICI,108355,No,No,860590,Apartment,Baranagar,8937875
CUST0194,Anya Ghosh,Delhi,New Delhi,512376,SBI,195828,Yes,No,4081420,Villa,Durgapur,15248039
CUST0195,Badal Tella,Maharashtra,Pune,683040,ICICI,160413,No,Yes,4460644,Apartment,Ambala,12668257
CUST0196,Nehmat Mahajan,Karnataka,Mangalore,241937,Axis Bank,114011,Yes,Yes,1550070,Plot,Pali,18009952
CUST0197,Anvi Tandon,West Bengal,Siliguri,640972,Bank of Baroda,177356,No,No,2221098,Villa,Shimla,3111014
CUST0198,Kismat Dani,Kerala,Kochi,548439,Bank of Baroda,71664,No,Yes,4973889,Apartment,Bhimavaram,12198519
CUST0199,Purab Wable,Kerala,Thiruvananthapuram,135863,Kotak Mahindra,78155,No,No,2210233,Plot,Firozabad,9274634
CUST0200,Uthkarsh Mandal,Tamil Nadu,Chennai,372720,Kotak Mahindra,199031,Yes,No,1702550,Villa,Orai,13754915
CUST0201,Ivan Sethi,Maharashtra,Mumbai,635373,Kotak Mahindra,37505,Yes,Yes,4551448,Plot,Sri Ganganagar,11315003
CUST0202,Aniruddh Srinivas,West Bengal,Kolkata,672207,Axis Bank,155872,Yes,Yes,554455,Apartment,South Dumdum,3833910
CUST0203,Jiya Varma,Kerala,Thiruvananthapuram,521183,ICICI,67348,No,Yes,1451394,Villa,Hospet,4994867
CUST0204,Jayesh Gola,Telangana,Warangal,73135,Axis Bank,38152,Yes,No,3149585,Plot,Etawah,9306617
CUST0205,Damini Kurian,Tamil Nadu,Chennai,347523,ICICI,39016,Yes,No,3617702,Villa,Begusarai,12154802
CUST0206,Shray Master,Tamil Nadu,Coimbatore,543698,Axis Bank,160803,Yes,Yes,4775214,Apartment,Arrah,17813737
CUST0207,Jivin Chadha,West Bengal,Kolkata,457171,ICICI,92284,Yes,Yes,2134038,Villa,Kalyan-Dombivli,3922655
CUST0208,Anahi Badami,Karnataka,Bengaluru,608594,Axis Bank,176782,Yes,No,1236792,Plot,Allahabad,11498765
CUST0209,Lagan Wagle,Delhi,New Delhi,994994,Axis Bank,100475,No,No,4619559,Apartment,Meerut,16716542
CUST0210,Dhanush Amble,Delhi,New Delhi,907721,HDFC,140538,No,No,4799266,Plot,Tadepalligudem,16342766
CUST0211,Divit Bail,Delhi,New Delhi,743713,SBI,120106,No,Yes,1834131,Apartment,Solapur,13565300
CUST0212,Dhruv Jayaraman,Delhi,New Delhi,32937,Bank of Baroda,85832,No,Yes,748230,Apartment,Arrah,5176144
CUST0213,Divij Gola,Karnataka,Mysuru,511454,HDFC,187094,Yes,No,3458113,Villa,Ramgarh,17163002
CUST0214,Abram Dash,Karnataka,Mangalore,856642,HDFC,137412,Yes,No,778107,Plot,Ozhukarai,1130260
CUST0215,Eva Raj,Tamil Nadu,Coimbatore,660592,Axis Bank,139542,No,No,3928476,Apartment,Ghaziabad,19498898
CUST0216,Priyansh Samra,Kerala,Thiruvananthapuram,965473,Kotak Mahindra,34780,Yes,Yes,3489100,Plot,Jamnagar,6400566
CUST0217,Manikya Gole,Kerala,Kochi,350339,Bank of Baroda,109836,No,Yes,2832572,Plot,Begusarai,9074260
CUST0218,Romil Khanna,Maharashtra,Mumbai,76380,Bank of Baroda,191849,Yes,Yes,2769634,Plot,Lucknow,4372755
CUST0219,Ritvik Shukla,Delhi,New Delhi,180810,Axis Bank,53212,Yes,No,2621398,Apartment,Hospet,2451911
CUST0220,Samaira Dayal,Maharashtra,Mumbai,636609,Bank of Baroda,38378,No,Yes,2619389,Villa,Jamshedpur,15221856
CUST0221,Hrishita Bajaj,West Bengal,Siliguri,799568,Kotak Mahindra,153937,Yes,No,1342337,Plot,Berhampore,13986758
CUST0222,Ranbir Deep,Telangana,Warangal,668321,HDFC,76199,Yes,No,3144110,Apartment,Dhanbad,9135354
CUST0223,Amani Badami,Maharashtra,Pune,824971,SBI,163293,No,No,4655113,Villa,Nanded,9588106
CUST0224,Umang Mahajan,Karnataka,Mangalore,718745,ICICI,29941,No,Yes,1846533,Plot,Gulbarga,4835662
CUST0225,Vaibhav Kumar,Tamil Nadu,Coimbatore,801513,Bank of Baroda,198763,No,No,4264205,Villa,Jehanabad,3923398
CUST0226,Siya Majumdar,Delhi,New Delhi,959006,SBI,94522,Yes,Yes,4800513,Villa,Kumbakonam,9459962
CUST0227,Mohanlal Ramakrishnan,Kerala,Kochi,915304,SBI,112972,No,Yes,1119214,Apartment,Bhilai,18833299
CUST0228,Jivin Sane,Karnataka,Mangalore,727728,Axis Bank,76312,No,Yes,586455,Apartment,Pudukkottai,5723420
CUST0229,Ivana Batra,Karnataka,Bengaluru,321103,Bank of Baroda,71508,Yes,No,3213910,Plot,Kishanganj,1835667
CUST0230,Damini Dhar,Delhi,New Delhi,871484,ICICI,176801,No,Yes,4816396,Plot,Shahjahanpur,8042950
CUST0231,Seher Venkatesh,Karnataka,Mysuru,948398,Bank of Baroda,110516,Yes,Yes,549845,Plot,Allahabad,7873224
CUST0232,Navya Ravi,Tamil Nadu,Coimbatore,403874,Kotak Mahindra,95194,No,Yes,1648464,Plot,Madurai,6930403
CUST0233,Badal Gupta,Maharashtra,Pune,840440,Axis Bank,178848,Yes,No,1032815,Villa,Kottayam,7927382
CUST0234,Himmat Mander,Maharashtra,Nagpur,505969,Bank of Baroda,73660,Yes,Yes,3661681,Plot,Katni,16564999
CUST0235,Mohanlal Dhillon,Delhi,New Delhi,16367,SBI,117391,No,No,761690,Plot,Dhule,10008393
CUST0236,Riya Mahajan,Tamil Nadu,Chennai,779280,Kotak Mahindra,166877,Yes,Yes,3620025,Villa,Bally,9031663
CUST0237,Divij Bera,Delhi,New Delhi,191420,Kotak Mahindra,171800,Yes,No,2882831,Villa,Bhopal,10479749
CUST0238,Advik Contractor,Kerala,Kochi,680501,Bank of Baroda,175144,Yes,No,2203482,Villa,Coimbatore,18645496
CUST0239,Indrans Hayre,Maharashtra,Nagpur,623116,SBI,75926,Yes,No,2512386,Villa,Morena,4973688
CUST0240,Dharmajan Shetty,West Bengal,Siliguri,858056,SBI,70461,Yes,Yes,4665168,Apartment,Bahraich,18785132
CUST0241,Biju Sandal,Kerala,Kochi,273715,Kotak Mahindra,83913,No,Yes,3753870,Apartment,Guna,9625567
CUST0242,Badal Saxena,Karnataka,Mysuru,383508,Axis Bank,174153,No,No,683411,Villa,Bokaro,15597861
CUST0243,Amira Gera,Karnataka,Mangalore,221030,Kotak Mahindra,53733,Yes,Yes,1587336,Apartment,Patiala,11690602
CUST0244,Navya Chahal,Kerala,Kozhikode,37436,Kotak Mahindra,109374,No,Yes,3960749,Plot,Saharsa,7452798
CUST0245,Anvi Suri,Karnataka,Mysuru,922928,ICICI,45190,Yes,Yes,2682498,Apartment,Tirupati,12142151
CUST0246,Anay Virk,Delhi,New Delhi,631337,Kotak Mahindra,45063,No,No,2396492,Apartment,Anantapuram,7099558
CUST0247,Vardaniya Shenoy,Tamil Nadu,Coimbatore,123742,SBI,93956,No,No,3354779,Villa,Pali,16880762
CUST0248,Manikya Bail,Delhi,New Delhi,757551,Kotak Mahindra,113030,No,Yes,4540122,Villa,Bhimavaram,11938055
CUST0249,Fateh Deshpande,Delhi,New Delhi,257698,Kotak Mahindra,184078,No,No,1613747,Plot,Chinsurah,16620181
CUST0250,Priyansh Som,Tamil Nadu,Madurai,111368,Kotak Mahindra,57832,Yes,No,1326548,Plot,Thoothukudi,19336563
CUST0251,Saira Lall,Delhi,New Delhi,136809,Axis Bank,141214,No,No,1567586,Apartment,Satna,3890181
CUST0252,Stuvan Randhawa,Maharashtra,Pune,364462,Bank of Baroda,80835,Yes,Yes,1338045,Apartment,Chapra,7093136
CUST0253,Aaina Kale,Maharashtra,Pune,45017,ICICI,61553,Yes,No,4039852,Apartment,Sasaram,7194728
CUST0254,Prisha Kulkarni,Maharashtra,Pune,15336,Bank of Baroda,160829,No,No,1446139,Apartment,Bellary,17205936
CUST0255,Priyansh Bali,Karnataka,Bengaluru,894585,Bank of Baroda,30704,Yes,No,3262278,Villa,Tenali,3497182
CUST0256,Badal Dalal,Maharashtra,Pune,222226,ICICI,193785,No,Yes,3010757,Apartment,Ahmednagar,10133069
CUST0257,Trisha Choudhry,Tamil Nadu,Chennai,169649,Bank of Baroda,48728,No,Yes,3871974,Villa,Chapra,17806018
CUST0258,Lagan Kant,West Bengal,Kolkata,928424,Bank of Baroda,71329,Yes,Yes,983564,Apartment,Dehri,14272194
CUST0259,Anika Kanda,Maharashtra,Pune,50796,Kotak Mahindra,31961,Yes,Yes,4717113,Apartment,Bidar,6016693
CUST0260,Khushi Bhardwaj,West Bengal,Siliguri,938420,ICICI,163384,No,Yes,2336259,Villa,Gaya,11477844
CUST0261,Azad Goel,Delhi,New Delhi,561105,Axis Bank,63005,No,No,4013138,Apartment,Mahbubnagar,10959019
CUST0262,Kimaya Ram,Tamil Nadu,Madurai,940739,HDFC,45477,No,Yes,3908441,Plot,Mumbai,13004597
CUST0263,Ritvik Ganesh,Maharashtra,Mumbai,201272,ICICI,94109,No,Yes,4927687,Plot,Kochi,16088388
CUST0264,Nirvaan Seshadri,Telangana,Warangal,678854,Axis Bank,73727,No,Yes,2926126,Villa,Belgaum,3867277
CUST0265,Kanav Bose,Maharashtra,Pune,548172,Axis Bank,38904,No,No,3995779,Villa,Giridih,4194596
CUST0266,Ehsaan Kuruvilla,Telangana,Warangal,573892,Kotak Mahindra,56286,No,No,3605066,Plot,Muzaffarpur,1754283
CUST0267,Adira Kota,Maharashtra,Mumbai,510138,Kotak Mahindra,91770,No,No,2745784,Villa,Baranagar,12091335
CUST0268,Devansh Tripathi,Kerala,Thiruvananthapuram,316518,Axis Bank,93423,Yes,Yes,3679308,Villa,Buxar,15995454
CUST0269,Tiya Batra,West Bengal,Kolkata,695109,Kotak Mahindra,147601,No,Yes,1468492,Apartment,Saharsa,1496104
CUST0270,Divyansh Kamdar,Telangana,Hyderabad,841909,Kotak Mahindra,166486,No,No,650705,Plot,Nellore,11557000
CUST0271,Inaaya  Seth,Karnataka,Bengaluru,873302,Axis Bank,85988,No,No,516643,Plot,Guntur,7858327
CUST0272,Aaina Desai,Delhi,New Delhi,487642,Kotak Mahindra,114310,Yes,No,4671627,Apartment,Ghaziabad,16311347
CUST0273,Fateh Shanker,Delhi,New Delhi,361676,HDFC,97637,No,No,3792837,Apartment,Fatehpur,4634083
CUST0274,Zaina Anne,Karnataka,Mysuru,964938,Axis Bank,160494,No,Yes,1768861,Apartment,Hindupur,6844695
CUST0275,Neelofar Sarraf,Karnataka,Mangalore,538468,HDFC,174744,No,Yes,2792887,Villa,Raurkela Industrial Township,14448005
CUST0276,Bhamini Lad,Tamil Nadu,Coimbatore,380863,HDFC,93051,No,Yes,3765067,Apartment,New Delhi,3143434
CUST0277,Kimaya Chawla,Telangana,Hyderabad,528199,HDFC,68614,No,No,3675911,Apartment,Kozhikode,4496893
CUST0278,Inaaya  Walia,West Bengal,Kolkata,891747,Kotak Mahindra,170633,Yes,No,1675083,Plot,Panchkula,5067767
CUST0279,Adira Batta,Tamil Nadu,Chennai,86782,HDFC,89366,No,Yes,4059150,Plot,Silchar,12630092
CUST0280,Umang Contractor,Delhi,New Delhi,329375,ICICI,123820,Yes,No,1828754,Plot,Guntakal,14800845
CUST0281,Kartik Bala,Karnataka,Mysuru,509054,Kotak Mahindra,120008,Yes,Yes,1799221,Plot,Sambalpur,3589266
CUST0282,Anahita Koshy,West Bengal,Siliguri,491348,SBI,56470,Yes,No,2827871,Apartment,Panchkula,7211664
CUST0283,Divij Kala,Karnataka,Bengaluru,658599,HDFC,141617,Yes,No,4506722,Apartment,Phagwara,15445890
CUST0284,Zara Agate,Kerala,Thiruvananthapuram,877893,ICICI,161496,Yes,Yes,4040809,Plot,Raiganj,14918478
CUST0285,Ranbir Virk,Karnataka,Mysuru,906246,Axis Bank,117324,Yes,Yes,1218514,Apartment,Bellary,6487008
CUST0286,Miraan Kalita,Kerala,Kozhikode,353139,HDFC,167894,Yes,Yes,1115228,Villa,Agartala,16699849
CUST0287,Pari Korpal,Maharashtra,Mumbai,613778,Kotak Mahindra,109223,Yes,No,2203648,Apartment,Ulhasnagar,13218246
CUST0288,Anay Raj,Kerala,Kozhikode,466338,Axis Bank,63176,Yes,No,700693,Apartment,Ramgarh,3077147
CUST0289,Lagan Chaudhari,Delhi,New Delhi,144498,Axis Bank,172918,Yes,Yes,996392,Villa,Bidhannagar,3754378
CUST0290,Samarth Bhavsar,Delhi,New Delhi,227832,Kotak Mahindra,115790,Yes,Yes,573263,Villa,Berhampur,18367338
CUST0291,Drishya Char,Tamil Nadu,Coimbatore,954508,ICICI,184666,Yes,Yes,4922176,Apartment,Barasat,10611868
CUST0292,Damini Manne,Maharashtra,Pune,411751,SBI,64575,Yes,Yes,2997919,Apartment,Panihati,14197901
CUST0293,Himmat Bora,Telangana,Hyderabad,800991,Axis Bank,151952,Yes,Yes,4645238,Villa,Nagercoil,16844733
CUST0294,Akarsh Shere,Maharashtra,Nagpur,666527,Bank of Baroda,154944,Yes,Yes,2330568,Villa,Pudukkottai,7181163
CUST0295,Tiya Dube,Maharashtra,Mumbai,186369,SBI,193114,No,Yes,3246747,Villa,Nagpur,3461855
CUST0296,Jivin Dani,Tamil Nadu,Chennai,954546,HDFC,46586,Yes,Yes,3092730,Plot,Ichalkaranji,12887273
CUST0297,Aaryahi Varkey,Kerala,Thiruvananthapuram,599299,Kotak Mahindra,115690,No,No,682423,Villa,Dewas,6410699
CUST0298,Adira Randhawa,Delhi,New Delhi,200117,Kotak Mahindra,94136,Yes,Yes,4103428,Plot,Thanjavur,10420739
CUST0299,Shray Kakar,Delhi,New Delhi,718481,Axis Bank,155005,Yes,Yes,3506377,Villa,Ajmer,10413212
CUST0300,Jivin Mall,Maharashtra,Pune,283799,ICICI,150160,Yes,No,4594116,Villa,Bardhaman,8416393
CUST0301,Ishaan Rajagopalan,West Bengal,Kolkata,180873,Bank of Baroda,179751,Yes,Yes,2702966,Apartment,Dibrugarh,15645630
CUST0302,Mohanlal Madan,Delhi,New Delhi,158827,SBI,138134,Yes,No,1948980,Plot,Amritsar,12089065
CUST0303,Kanav Grewal,Telangana,Warangal,205461,HDFC,191997,Yes,No,3868922,Apartment,Khora ,10704781
CUST0304,Inaaya  Anne,Karnataka,Mangalore,698979,Axis Bank,75599,No,Yes,3510547,Plot,Moradabad,11490079
CUST0305,Amani Ramaswamy,West Bengal,Kolkata,815003,ICICI,83434,Yes,No,3155796,Apartment,Aligarh,9913598
CUST0306,Baiju Kohli,Kerala,Kochi,44134,Bank of Baroda,188434,No,Yes,933659,Villa,Burhanpur,9050549
CUST0307,Saira Kala,Karnataka,Bengaluru,657588,Axis Bank,78635,No,No,1713944,Apartment,Tirunelveli,14386664
CUST0308,Armaan Dada,Kerala,Kozhikode,352769,Kotak Mahindra,185035,No,No,3104735,Apartment,Deoghar,12342491
CUST0309,Vivaan Baria,Karnataka,Mangalore,934201,Bank of Baroda,160923,Yes,Yes,2523817,Apartment,Medininagar,2379010
CUST0310,Arnav Ganesan,Telangana,Hyderabad,984776,HDFC,158380,Yes,No,4372107,Villa,Satara,16207630
CUST0311,Rohan Ramaswamy,Kerala,Kochi,497278,ICICI,58569,No,Yes,3047749,Apartment,Raiganj,8503363
CUST0312,Baiju Halder,Karnataka,Mangalore,69437,HDFC,77851,No,Yes,4068402,Apartment,Khora ,19829811
CUST0313,Jayesh Tandon,Maharashtra,Pune,825453,Kotak Mahindra,160457,No,Yes,2251229,Apartment,Rajahmundry,17055082
CUST0314,Indranil Vala,Maharashtra,Mumbai,337939,Axis Bank,89982,Yes,No,2508032,Plot,Bhind,18873598
CUST0315,Hansh Hora,Maharashtra,Nagpur,607377,HDFC,149413,Yes,No,3002765,Apartment,Begusarai,18600473
CUST0316,Inaaya  Kothari,Kerala,Kochi,111014,Axis Bank,195287,Yes,No,2263517,Plot,Etawah,11421798
CUST0317,Stuvan Sidhu,Kerala,Kochi,788259,Kotak Mahindra,67540,No,Yes,3561757,Apartment,Junagadh,6553883
CUST0318,Ojas Butala,West Bengal,Siliguri,375355,SBI,193109,No,Yes,2961972,Plot,Yamunanagar,6477777
CUST0319,Aayush Gour,Karnataka,Mysuru,240006,ICICI,87350,Yes,Yes,1186864,Plot,Tirunelveli,16849263
CUST0320,Madhup Din,Delhi,New Delhi,609781,ICICI,148266,No,Yes,4695782,Villa,Chandrapur,8087503
CUST0321,Shayak Ram,Telangana,Hyderabad,627391,HDFC,98963,Yes,No,4570636,Villa,Katni,5624820
CUST0322,Adah Goyal,West Bengal,Siliguri,464695,Axis Bank,74628,No,No,831527,Villa,Thiruvananthapuram,8061482
CUST0323,Riya Joshi,West Bengal,Kolkata,764130,Kotak Mahindra,91481,No,No,4394512,Villa,Kanpur,5812459
CUST0324,Rohan Wadhwa,Telangana,Warangal,776478,SBI,155589,No,No,4988673,Villa,Thiruvananthapuram,8450006
CUST0325,Mamooty Sachar,Tamil Nadu,Madurai,683825,Axis Bank,79203,Yes,No,833987,Plot,Jammu,9711215
CUST0326,Kartik Chahal,Karnataka,Mysuru,264509,SBI,75697,Yes,Yes,3292771,Villa,Darbhanga,10377101
CUST0327,Indrajit Balan,Maharashtra,Mumbai,867052,SBI,154604,No,Yes,1952190,Plot,Belgaum,14979763
CUST0328,Divij Das,Telangana,Warangal,150915,SBI,193626,Yes,Yes,4681869,Apartment,Guna,14855043
CUST0329,Bhavin Karpe,Kerala,Thiruvananthapuram,436543,Bank of Baroda,177232,No,Yes,3909715,Plot,Kadapa,16807832
CUST0330,Raunak Sathe,Telangana,Hyderabad,114937,SBI,38277,No,No,1162018,Villa,Singrauli,18733912
CUST0331,Ranbir Rattan,West Bengal,Kolkata,348623,Kotak Mahindra,196421,Yes,Yes,4614723,Plot,Raurkela Industrial Township,15224858
CUST0332,Vaibhav Ratti,Tamil Nadu,Madurai,69737,Kotak Mahindra,98372,No,No,3004537,Apartment,Davanagere,4589193
CUST0333,Yuvaan Datta,Kerala,Kozhikode,627897,Kotak Mahindra,171905,Yes,No,3407839,Villa,Agartala,3971241
CUST0334,Divyansh Ranganathan,Kerala,Kozhikode,947348,HDFC,117552,No,Yes,1554581,Apartment,Ambala,19128142
CUST0335,Tiya Shroff,Kerala,Kozhikode,437493,ICICI,111250,No,No,4640612,Plot,Barasat,11942381
CUST0336,Miraan Raman,Kerala,Kozhikode,380053,Bank of Baroda,59079,Yes,No,3800830,Plot,Mangalore,14940520
CUST0337,Vihaan Raju,Telangana,Hyderabad,678745,HDFC,37702,Yes,Yes,1350182,Plot,Anantapuram,4654890
CUST0338,Hridaan Mand,Tamil Nadu,Madurai,941787,ICICI,28788,Yes,No,4047038,Villa,Ujjain,12858937
CUST0339,Aayush Bala,Delhi,New Delhi,208415,Bank of Baroda,195831,No,No,4502847,Plot,Parbhani,7931413
CUST0340,Aradhya Hegde,Delhi,New Delhi,538246,Axis Bank,155931,Yes,No,1936773,Apartment,Haridwar,3185930
CUST0341,Indrans Yadav,Telangana,Warangal,156141,SBI,195451,Yes,No,2931038,Plot,Vadodara,13213620
CUST0342,Ehsaan Bajaj,Kerala,Kochi,113469,SBI,190086,Yes,No,2959110,Plot,Ghaziabad,5008709
CUST0343,Hunar Aurora,Delhi,New Delhi,577639,ICICI,143552,Yes,Yes,4841154,Plot,Jamshedpur,8289496
CUST0344,Darshit Soni,West Bengal,Kolkata,92635,ICICI,110931,No,No,4997317,Plot,Gandhidham,10896630
CUST0345,Nakul Bahri,West Bengal,Siliguri,478063,SBI,150074,Yes,No,4519288,Plot,Bongaigaon,10954144
CUST0346,Pranay Loke,Karnataka,Mangalore,245610,Kotak Mahindra,89157,No,Yes,1098201,Villa,Panihati,5787892
CUST0347,Adah Zacharia,Kerala,Kochi,234232,Bank of Baroda,50681,No,No,2053349,Apartment,Bulandshahr,19957661
CUST0348,Nishith Sandal,Maharashtra,Mumbai,96443,Bank of Baroda,153882,No,No,4875505,Villa,Hubli–Dharwad,13758795
CUST0349,Nishith Chauhan,Delhi,New Delhi,247954,HDFC,94330,Yes,Yes,2839729,Apartment,Ulhasnagar,17259989
CUST0350,Raunak Sankaran,Karnataka,Mangalore,132602,Bank of Baroda,79329,No,Yes,1116966,Plot,Kakinada,12684220
CUST0351,Divij Ghosh,Delhi,New Delhi,133852,Kotak Mahindra,130154,Yes,Yes,4356362,Villa,Belgaum,12601759
CUST0352,Shaan Kari,Delhi,New Delhi,807730,ICICI,112394,Yes,No,3097612,Villa,Rajpur Sonarpur,2136512
CUST0353,Lakshay Subramanian,Maharashtra,Pune,80986,Kotak Mahindra,190702,No,Yes,921649,Plot,Yamunanagar,1597584
CUST0354,Mamooty Chopra,Karnataka,Mysuru,284066,HDFC,165365,No,Yes,4261219,Plot,Shimla,14103353
CUST0355,Vedika Mani,Kerala,Thiruvananthapuram,294647,Kotak Mahindra,37340,No,Yes,3046394,Villa,Dehradun,14561676
CUST0356,Indranil Khalsa,Maharashtra,Mumbai,941592,SBI,168979,Yes,Yes,4967475,Plot,Dehri,2636716
CUST0357,Dishani Kata,Telangana,Warangal,41146,Bank of Baroda,193772,No,Yes,3329937,Villa,Asansol,12932037
CUST0358,Romil Kaur,Delhi,New Delhi,802220,ICICI,181066,No,Yes,2587040,Apartment,Ghaziabad,14596974
CUST0359,Onkar Ram,Delhi,New Delhi,507933,Axis Bank,190978,No,Yes,1369685,Apartment,Gorakhpur,15744730
CUST0360,Farhan Singh,Kerala,Kochi,95036,Bank of Baroda,81301,Yes,No,3457603,Villa,Khammam,10509487
CUST0361,Divij Bajwa,Tamil Nadu,Madurai,512473,Axis Bank,30905,Yes,No,842046,Villa,Bathinda,11919048
CUST0362,Urvi Warrior,Delhi,New Delhi,755315,HDFC,30932,No,No,2521836,Plot,Akola,11706321
CUST0363,Ishita Kuruvilla,Tamil Nadu,Coimbatore,36558,Axis Bank,39796,Yes,Yes,3585634,Villa,Ambattur,6756705
CUST0364,Vritika Bajaj,Kerala,Kochi,619813,ICICI,126526,No,No,1949485,Plot,Saharanpur,17606270
CUST0365,Aaryahi Wali,Karnataka,Mysuru,552101,Axis Bank,132326,Yes,No,736536,Apartment,Morbi,16153048
CUST0366,Devansh Balay,Karnataka,Mysuru,335136,Kotak Mahindra,100295,No,No,3534986,Villa,Yamunanagar,18703576
CUST0367,Ishita Rajan,Kerala,Kozhikode,661953,Bank of Baroda,103597,Yes,Yes,3523425,Villa,Udupi,19281394
CUST0368,Dhanush Kunda,Delhi,New Delhi,668117,ICICI,199895,Yes,No,1878318,Plot,Bangalore,11812898
CUST0369,Amani Ram,Tamil Nadu,Chennai,235438,SBI,41138,No,No,4433742,Plot,Serampore,8293527
CUST0370,Charvi Walla,Tamil Nadu,Coimbatore,847025,Axis Bank,141012,Yes,No,533525,Plot,Rewa,18776064
CUST0371,Aaina Deshpande,Tamil Nadu,Madurai,230941,Axis Bank,103504,No,Yes,3560217,Villa,Khora ,2650480
CUST0372,Amani Kibe,Delhi,New Delhi,716323,Bank of Baroda,146980,Yes,No,4614252,Plot,Chinsurah,19519638
CUST0373,Adira Dugar,Delhi,New Delhi,8275,SBI,103923,Yes,Yes,4025647,Plot,Cuttack,13499062
CUST0374,Tushar Dave,Maharashtra,Mumbai,447011,ICICI,146988,No,Yes,3563908,Apartment,Kirari Suleman Nagar,7902505
CUST0375,Aayush Suri,Kerala,Thiruvananthapuram,220840,Axis Bank,43945,No,No,2031374,Villa,Buxar,13834653
CUST0376,Tanya Borah,Tamil Nadu,Coimbatore,401471,ICICI,40507,Yes,Yes,3323200,Apartment,Danapur,1635812
CUST0377,Tarini Kothari,Maharashtra,Mumbai,369207,Bank of Baroda,183184,Yes,No,3813082,Apartment,Unnao,3007699
CUST0378,Shayak Kapoor,Delhi,New Delhi,766322,Axis Bank,73346,Yes,No,1961789,Plot,Barasat,4669737
CUST0379,Riaan Das,Karnataka,Bengaluru,352350,Axis Bank,108136,No,Yes,2423302,Villa,Munger,17687992
CUST0380,Seher Grewal,Delhi,New Delhi,259613,Kotak Mahindra,126728,No,Yes,2200901,Villa,Narasaraopet,17752390
CUST0381,Baiju Srivastava,Maharashtra,Mumbai,557064,Axis Bank,189511,Yes,Yes,3029596,Villa,Narasaraopet,3277770
CUST0382,Ishita Goyal,Kerala,Thiruvananthapuram,6392,Axis Bank,154074,No,Yes,2136631,Apartment,Hindupur,14344686
CUST0383,Rania Vohra,Tamil Nadu,Coimbatore,164754,HDFC,117568,Yes,Yes,1445360,Villa,Nandyal,1230370
CUST0384,Tiya Krish,Karnataka,Mysuru,210617,Bank of Baroda,105573,No,Yes,4396893,Apartment,Thrissur,15333283
CUST0385,Madhav Borra,Delhi,New Delhi,952246,SBI,89825,Yes,No,3649931,Villa,Avadi,8160116
CUST0386,Heer Basu,Maharashtra,Nagpur,163289,Axis Bank,154222,No,No,2058142,Villa,Ghaziabad,16364455
CUST0387,Azad Golla,Maharashtra,Nagpur,872551,SBI,147814,No,No,4955625,Apartment,Raipur,1500390
CUST0388,Umang Chaudhry,West Bengal,Kolkata,247737,HDFC,103910,No,No,3248954,Apartment,Mau,16189654
CUST0389,Anahi Krishnamurthy,Kerala,Thiruvananthapuram,719152,Axis Bank,58693,Yes,Yes,2143410,Plot,Kochi,8216589
CUST0390,Ranbir Maharaj,Maharashtra,Nagpur,992541,HDFC,147670,No,Yes,3881440,Apartment,Madanapalle,7108225
CUST0391,Vaibhav Saraf,Maharashtra,Nagpur,823603,Kotak Mahindra,180597,No,Yes,3414103,Apartment,Baranagar,3138924
CUST0392,Aarav Lal,Maharashtra,Pune,118651,Kotak Mahindra,36658,No,Yes,2534058,Plot,Narasaraopet,6909531
CUST0393,Hiran Vasa,Maharashtra,Mumbai,398249,ICICI,191829,No,No,3132055,Villa,Bally,15347990
CUST0394,Sara Chowdhury,West Bengal,Kolkata,293359,Kotak Mahindra,77317,Yes,Yes,3247718,Villa,Thoothukudi,7267287
CUST0395,Alia Sen,Telangana,Hyderabad,694716,Bank of Baroda,65475,Yes,Yes,3163825,Apartment,Guntur,13659514
CUST0396,Priyansh Dada,Maharashtra,Mumbai,266971,SBI,180154,No,Yes,1570217,Apartment,Kavali,16059348
CUST0397,Riya Issac,Kerala,Kochi,18227,Axis Bank,145393,Yes,No,2106082,Apartment,Buxar,10258371
CUST0398,Anya Zachariah,Delhi,New Delhi,328068,ICICI,56119,Yes,No,4397901,Plot,Patna,7068555
CUST0399,Aniruddh Ramaswamy,Delhi,New Delhi,311551,Bank of Baroda,107705,Yes,No,2258487,Apartment,Bhusawal,15150102
CUST0400,Emir Gopal,Tamil Nadu,Coimbatore,155770,SBI,31019,Yes,No,2723794,Villa,Bidar,17752545
CUST0401,Kartik Bawa,West Bengal,Siliguri,316842,HDFC,172779,Yes,Yes,2975169,Villa,Ghaziabad,12313434
CUST0402,Tejas Gera,Delhi,New Delhi,50415,HDFC,141960,Yes,Yes,2259209,Villa,Navi Mumbai,5452588
CUST0403,Myra Chowdhury,West Bengal,Siliguri,259418,Kotak Mahindra,100115,Yes,No,2987447,Villa,Bangalore,1666892
CUST0404,Dhruv Kalla,West Bengal,Siliguri,330367,ICICI,82867,No,No,3696083,Apartment,Panchkula,2232598
CUST0405,Yasmin Bhargava,Maharashtra,Mumbai,86799,SBI,64882,Yes,Yes,4625530,Villa,Siliguri,13909363
CUST0406,Zara Koshy,Telangana,Hyderabad,450106,Axis Bank,198472,Yes,Yes,1849203,Apartment,Rohtak,8338242
CUST0407,Rania Edwin,Kerala,Thiruvananthapuram,593431,SBI,136223,Yes,No,3189597,Apartment,Ghaziabad,6415709
CUST0408,Mahika Mani,Karnataka,Mangalore,805717,ICICI,101252,No,No,2593644,Villa,Jamnagar,3039666
CUST0409,Yuvaan Sama,Delhi,New Delhi,766523,SBI,125997,No,No,4685943,Plot,Fatehpur,17018358
CUST0410,Mishti Chaudhary,Telangana,Warangal,650515,Kotak Mahindra,152296,No,No,1512182,Villa,Davanagere,19098680
CUST0411,Manikya Sarma,Tamil Nadu,Coimbatore,208091,ICICI,71143,No,Yes,2876997,Apartment,Khora ,1089717
CUST0412,Prisha Sahni,Tamil Nadu,Coimbatore,876539,Bank of Baroda,129557,Yes,No,504705,Villa,Begusarai,3998805
CUST0413,Anya Chaudry,Telangana,Warangal,41327,Axis Bank,90373,No,No,2237067,Apartment,Amritsar,15121060
CUST0414,Akarsh Wable,Kerala,Kozhikode,484560,Kotak Mahindra,106147,No,No,1033316,Apartment,Adoni,3644104
CUST0415,Onkar Tara,West Bengal,Kolkata,371715,Axis Bank,34572,No,Yes,567289,Apartment,Nanded,16818835
CUST0416,Sana Vyas,Karnataka,Mangalore,691155,SBI,146929,No,Yes,2095692,Apartment,Orai,1444303
CUST0417,Hiran Agarwal,Delhi,New Delhi,441926,Kotak Mahindra,174500,No,No,3088443,Plot,Hospet,2411691
CUST0418,Jivika Sandal,Telangana,Hyderabad,953949,SBI,100562,No,Yes,2666949,Apartment,Jalgaon,14038559
CUST0419,Samar Koshy,Kerala,Thiruvananthapuram,983656,Bank of Baroda,167514,No,Yes,1884379,Villa,Maheshtala,2972795
CUST0420,Shayak Swaminathan,Delhi,New Delhi,280720,HDFC,88611,No,Yes,685432,Apartment,Tezpur,19181675
CUST0421,Ivana Dugar,Tamil Nadu,Madurai,592351,SBI,151388,Yes,Yes,4985828,Villa,Satna,15534957
CUST0422,Yashvi Master,Tamil Nadu,Chennai,580330,Axis Bank,197152,No,No,4334526,Plot,Aizawl,15124603
CUST0423,Shamik Shukla,Maharashtra,Mumbai,3843,HDFC,178240,No,No,3567808,Villa,Guna,3315362
CUST0424,Shanaya Buch,Delhi,New Delhi,432998,Kotak Mahindra,63499,Yes,Yes,4716082,Apartment,Kochi,8429209
CUST0425,Kismat Sane,Telangana,Hyderabad,460452,ICICI,45744,No,Yes,2213612,Plot,Proddatur,19878694
CUST0426,Arhaan Gole,West Bengal,Kolkata,949232,Axis Bank,184675,Yes,Yes,4103638,Plot,Madurai,2184879
CUST0427,Arhaan Dani,Delhi,New Delhi,492575,HDFC,44126,No,No,989112,Villa,Bhatpara,10160684
CUST0428,Dhanuk Raja,West Bengal,Siliguri,865192,SBI,94149,No,Yes,1192028,Villa,Jamalpur,7652627
CUST0429,Pari Sabharwal,Delhi,New Delhi,673117,Bank of Baroda,179694,No,No,3443098,Plot,Bhimavaram,16970662
CUST0430,Faiyaz Jha,Maharashtra,Nagpur,598601,Bank of Baroda,52819,Yes,No,3229825,Villa,Sambalpur,12530401
CUST0431,Miraan Vala,Tamil Nadu,Coimbatore,473837,Axis Bank,164081,No,No,2943003,Apartment,Kolkata,13957429
CUST0432,Eva Kumer,Karnataka,Bengaluru,827873,ICICI,185795,Yes,Yes,1868908,Plot,Hindupur,2872974
CUST0433,Sara Virk,Telangana,Hyderabad,895092,HDFC,180378,No,No,3352216,Villa,Suryapet,15587737
CUST0434,Ivan Garg,Maharashtra,Pune,345586,Axis Bank,63060,Yes,Yes,3467784,Apartment,Udaipur,6096649
CUST0435,Nakul Sura,Telangana,Hyderabad,421054,Bank of Baroda,128249,Yes,No,4821716,Plot,Thanjavur,19347685
CUST0436,Pihu Saraf,Maharashtra,Pune,47245,SBI,78724,No,No,4461671,Plot,Madhyamgram,17306651
CUST0437,Mishti Aurora,Maharashtra,Pune,647656,Bank of Baroda,55595,No,Yes,1855404,Villa,Parbhani,8551111
CUST0438,Amira Lanka,Karnataka,Mangalore,3391,Axis Bank,173069,No,No,4964682,Plot,Bhimavaram,8851687
CUST0439,Jayesh Borah,Tamil Nadu,Madurai,797411,ICICI,176492,No,Yes,2366530,Plot,Gaya,10768190
CUST0440,Mannat Jayaraman,Telangana,Warangal,868607,HDFC,182976,Yes,No,1077515,Apartment,New Delhi,3177294
CUST0441,Vanya Doctor,Delhi,New Delhi,881035,ICICI,97059,Yes,Yes,742465,Villa,Akola,6809958
CUST0442,Madhup Chowdhury,West Bengal,Kolkata,670975,Kotak Mahindra,32593,No,Yes,4625353,Apartment,Rewa,8707274
CUST0443,Shamik Bassi,Tamil Nadu,Madurai,73680,Kotak Mahindra,69075,No,No,3507976,Villa,Hospet,11660460
CUST0444,Farhan Khatri,Tamil Nadu,Coimbatore,82500,Axis Bank,56926,No,Yes,2353018,Apartment,Bhagalpur,13672113
CUST0445,Onkar Kanda,Delhi,New Delhi,608189,Kotak Mahindra,114828,Yes,Yes,1349494,Apartment,Suryapet,15097240
CUST0446,Vidur Gole,Karnataka,Bengaluru,44737,HDFC,52503,No,No,3806172,Villa,Kirari Suleman Nagar,13790017
CUST0447,Bhamini Saini,Tamil Nadu,Chennai,252055,Kotak Mahindra,103279,No,Yes,2008638,Plot,Ulhasnagar,12699842
CUST0448,Aarav Dhar,West Bengal,Kolkata,725527,SBI,189638,Yes,Yes,772600,Apartment,Dhanbad,18580075
CUST0449,Divij Mani,Delhi,New Delhi,280257,Axis Bank,183494,Yes,No,1919526,Apartment,Guna,18719135
CUST0450,Ela Baria,Tamil Nadu,Madurai,126343,Bank of Baroda,135198,No,Yes,887912,Apartment,Nanded,11138413
CUST0451,Trisha Rattan,Delhi,New Delhi,414473,Kotak Mahindra,166297,No,No,3366365,Villa,Ramagundam,19011815
CUST0452,Ishita Barad,Karnataka,Bengaluru,90088,Axis Bank,195640,Yes,No,3710036,Apartment,Jorhat,2895192
CUST0453,Anay Ramaswamy,Delhi,New Delhi,588125,Kotak Mahindra,92640,Yes,Yes,4863537,Plot,Bhusawal,17656522
CUST0454,Samiha Anne,Kerala,Kochi,525344,SBI,80353,No,Yes,3824376,Apartment,Tadepalligudem,8936553
CUST0455,Khushi Rao,West Bengal,Kolkata,836537,Bank of Baroda,128609,No,Yes,4511286,Plot,Vijayanagaram,13704280
CUST0456,Kiara Dass,Karnataka,Mysuru,774391,Kotak Mahindra,183814,Yes,No,2145640,Plot,Kurnool,12553440
CUST0457,Vritika Dewan,Kerala,Thiruvananthapuram,440068,ICICI,119890,Yes,Yes,2242893,Villa,Nellore,19149131
CUST0458,Kanav Borah,Maharashtra,Pune,458219,Bank of Baroda,168444,No,Yes,4461645,Apartment,Kottayam,11662680
CUST0459,Amani Hayer,Telangana,Warangal,404322,ICICI,114310,No,No,1709959,Villa,Surat,3823217
CUST0460,Elakshi Rastogi,Telangana,Hyderabad,804389,Axis Bank,98734,No,Yes,1886140,Plot,Alwar,2451644
CUST0461,Ishaan Ben,West Bengal,Kolkata,844058,Axis Bank,70524,No,Yes,2017123,Plot,Rourkela,5277713
CUST0462,Pari Ramanathan,West Bengal,Siliguri,676354,ICICI,69099,No,Yes,854162,Plot,Kirari Suleman Nagar,10193012
CUST0463,Vedika Sharaf,West Bengal,Kolkata,913331,Kotak Mahindra,75863,No,No,2840898,Villa,Tezpur,19532895
CUST0464,Alisha Lala,Telangana,Hyderabad,769494,Axis Bank,126222,No,Yes,4536270,Villa,Adoni,18603537
CUST0465,Baiju Bajaj,Tamil Nadu,Coimbatore,666500,Axis Bank,92044,Yes,Yes,4650116,Plot,Phusro,7125605
CUST0466,Azad Kulkarni,Telangana,Hyderabad,996564,Axis Bank,127242,No,Yes,1977589,Villa,Tenali,4460902
CUST0467,Vanya Grewal,Maharashtra,Pune,388410,HDFC,146960,No,No,4713476,Villa,Ambattur,4448651
CUST0468,Madhup Bajaj,Delhi,New Delhi,583533,Axis Bank,75809,Yes,Yes,4381576,Apartment,Haridwar,15701195
CUST0469,Rati Dutta,Delhi,New Delhi,988298,Kotak Mahindra,132830,Yes,Yes,2732481,Apartment,Rohtak,3606856
CUST0470,Aarav Kade,Tamil Nadu,Chennai,765243,SBI,165847,Yes,Yes,4671436,Villa,Ratlam,3988166
CUST0471,Raghav Sengupta,Kerala,Kochi,896899,Axis Bank,114960,No,No,4152888,Plot,Srinagar,4572079
CUST0472,Lakshay Chauhan,Karnataka,Mysuru,301138,Bank of Baroda,29497,No,No,2283936,Plot,Bharatpur,3020850
CUST0473,Romil Soman,Tamil Nadu,Chennai,411593,SBI,50981,No,Yes,3721432,Plot,Haridwar,17143272
CUST0474,Abram Singh,Telangana,Hyderabad,47644,HDFC,80058,Yes,No,4003370,Plot,Phusro,7181084
CUST0475,Charvi Deo,Kerala,Kozhikode,796378,Axis Bank,36779,Yes,Yes,4339805,Apartment,Gurgaon,5242804
CUST0476,Tejas Seshadri,Tamil Nadu,Coimbatore,916031,SBI,185896,No,No,1321946,Villa,Tiruchirappalli,5578327
CUST0477,Aaina Sem,Karnataka,Mysuru,779324,SBI,176977,Yes,No,3745678,Plot,Bardhaman,11506929
CUST0478,Anika Dubey,Kerala,Kozhikode,327039,Kotak Mahindra,159300,No,No,4735544,Villa,Kadapa,18247138
CUST0479,Anahita Sur,Maharashtra,Nagpur,841340,SBI,65182,Yes,No,1897362,Apartment,Khandwa,11999577
CUST0480,Chirag Basu,Kerala,Kozhikode,131916,Bank of Baroda,112043,Yes,No,4203957,Plot,Vadodara,3005781
CUST0481,Kavya Sami,Kerala,Thiruvananthapuram,567246,HDFC,175379,No,No,1965036,Apartment,Etawah,2660952
CUST0482,Drishya Bajaj,Telangana,Warangal,533649,ICICI,110999,No,Yes,2293251,Apartment,Muzaffarpur,18677469
CUST0483,Madhup Cheema,West Bengal,Siliguri,756339,SBI,45494,Yes,No,3127525,Apartment,Alwar,16084797
CUST0484,Gokul Balasubramanian,Tamil Nadu,Coimbatore,969055,HDFC,80597,No,Yes,995042,Apartment,Kanpur,5747334
CUST0485,Ojas Rege,Tamil Nadu,Madurai,3819,Axis Bank,87510,No,Yes,1322859,Apartment,Bahraich,8693452
CUST0486,Priyansh Bajaj,Maharashtra,Nagpur,91364,HDFC,95749,No,Yes,824280,Apartment,Jalna,12091675
CUST0487,Riya Manne,West Bengal,Kolkata,517530,ICICI,145282,Yes,Yes,1052677,Villa,Thiruvananthapuram,12185564
CUST0488,Saanvi Baral,Kerala,Kochi,194866,HDFC,188237,Yes,Yes,2668908,Plot,Agra,4971413
CUST0489,Parinaaz Bajwa,Delhi,New Delhi,688792,Bank of Baroda,29357,No,No,2935362,Apartment,Nellore,8531354
CUST0490,Aaina Wali,Tamil Nadu,Coimbatore,32400,SBI,92788,No,No,1834261,Apartment,Kishanganj,15579648
CUST0491,Sara Walia,Telangana,Hyderabad,170644,ICICI,159486,Yes,Yes,2068880,Apartment,Agra,9776253
CUST0492,Kismat Dass,Kerala,Thiruvananthapuram,128760,ICICI,100306,Yes,Yes,2988285,Plot,Sangli-Miraj & Kupwad,6050378
CUST0493,Vaibhav Acharya,Telangana,Warangal,938914,Bank of Baroda,129461,Yes,Yes,2326632,Apartment,Loni,11897992
CUST0494,Dhanuk Acharya,Delhi,New Delhi,758194,HDFC,53879,Yes,Yes,2017515,Villa,North Dumdum,13104703
CUST0495,Nitya Sangha,Telangana,Hyderabad,420873,Axis Bank,67803,No,No,3981796,Villa,Aligarh,2373191
CUST0496,Divit Hans,Karnataka,Bengaluru,532152,Axis Bank,136111,Yes,Yes,4040865,Apartment,Gulbarga,13879531
CUST0497,Akarsh Mand,Delhi,New Delhi,922299,ICICI,87577,No,Yes,4501745,Plot,Vijayanagaram,17995077
CUST0498,Neysa Kara,Delhi,New Delhi,853357,SBI,47124,Yes,No,4148029,Apartment,Thiruvananthapuram,5050238
CUST0499,Jhanvi Deshpande,West Bengal,Kolkata,35265,HDFC,94827,Yes,No,2349291,Apartment,Narasaraopet,5297209
CUST0500,Kartik Jha,Telangana,Warangal,873110,ICICI,56264,Yes,Yes,4333178,Plot,Mirzapur,5846031
